<?xml version="1.0" encoding="UTF-8"?><ImplementationGuide xmlns="http://hl7.org/fhir"><id value="ee.fhir.hdecl"/><text><status value="generated"/><div xmlns="http://www.w3.org/1999/xhtml"><p class="res-header-id"><b>Generated Narrative: ImplementationGuide ee.fhir.hdecl</b></p><a name="ee.fhir.hdecl"> </a><a name="hcee.fhir.hdecl"> </a><h2>HDECL</h2><p>The official URL for this implementation guide is: </p><pre>https://fhir.ee/hdecl/ImplementationGuide/ee.fhir.hdecl</pre></div></text><url value="https://fhir.ee/hdecl/ImplementationGuide/ee.fhir.hdecl"/><version value="1.0.0"/><name value="HDECL"/><title value="Tervisedeklaratsiooni juurutusjuhend"/><status value="active"/><date value="2025-06-16T14:01:55+00:00"/><publisher value="TEHIK"/><contact><name value="TEHIK"/><telecom><system value="url"/><value value="https://tehik.ee"/></telecom><telecom><system value="email"/><value value="abi@tehik.ee"/></telecom></contact><packageId value="ee.fhir.hdecl"/><license value="CC0-1.0"/><fhirVersion value="5.0.0"/><dependsOn id="hl7tx"><extension url="http://hl7.org/fhir/tools/StructureDefinition/implementationguide-dependency-comment"><valueMarkdown value="Automatically added as a dependency - all IGs depend on HL7 Terminology"/></extension><uri value="http://terminology.hl7.org/ImplementationGuide/hl7.terminology"/><packageId value="hl7.terminology.r5"/><version value="6.4.0"/></dependsOn><dependsOn id="hl7ext"><extension url="http://hl7.org/fhir/tools/StructureDefinition/implementationguide-dependency-comment"><valueMarkdown value="Automatically added as a dependency - all IGs depend on the HL7 Extension Pack"/></extension><uri value="http://hl7.org/fhir/extensions/ImplementationGuide/hl7.fhir.uv.extensions"/><packageId value="hl7.fhir.uv.extensions.r5"/><version value="5.2.0"/></dependsOn><dependsOn id="ee_fhir_mpi"><uri value="https://fhir.ee/mpi/ImplementationGuide/ee.fhir.mpi"/><packageId value="ee.fhir.mpi"/><version value="1.1.1"/></dependsOn><definition><extension url="http://hl7.org/fhir/tools/StructureDefinition/ig-internal-dependency"><valueCode value="hl7.fhir.uv.tools.r5#0.5.0"/></extension><grouping id="-dyn-operationdefinition"><name value="Behavior: Operation Definitions"/><description value="These are custom operations that can be supported by and/or invoked by systems conforming to this implementation guide."/></grouping><grouping id="-dyn-searchparameter"><name value="Behavior: Search Parameters"/><description value="These define the properties by which a RESTful server can be searched.  They can also be used for sorting and including related resources."/></grouping><grouping id="-str-profile"><name value="Structures: Resource Profiles"/><description value="These define constraints on FHIR resources for systems conforming to this implementation guide."/></grouping><grouping id="-str-extension"><name value="Structures: Extension Definitions"/><description value="These define constraints on FHIR data types for systems conforming to this implementation guide."/></grouping><grouping id="-ex-example"><name value="Example: Example Instances"/><description value="These are example instances that show what data produced and consumed by systems conforming with this implementation guide might look like."/></grouping><resource><extension url="http://hl7.org/fhir/tools/StructureDefinition/resource-sort"><valueInteger value="999999999"/></extension><extension url="http://hl7.org/fhir/StructureDefinition/implementationguide-page"><valueUri value="OperationDefinition-ee-health-declaration-complete.html"/></extension><reference><reference value="OperationDefinition/ee-health-declaration-complete"/></reference><name value="Tervisedeklaratsiooni kinnitamine"/><description value="'In progress' tervisedeklaratsiooni kinnitamine ('completed' seisundisse)."/><isExample value="false"/><groupingId value="-dyn-operationdefinition"/></resource><resource><extension url="http://hl7.org/fhir/tools/StructureDefinition/resource-sort"><valueInteger value="999999999"/></extension><extension url="http://hl7.org/fhir/StructureDefinition/implementationguide-page"><valueUri value="OperationDefinition-ee-health-declaration-set-consent.html"/></extension><reference><reference value="OperationDefinition/ee-health-declaration-set-consent"/></reference><name value="Tervisedeklaratsiooni ressursi ligipääsude muutmine"/><description value="Tervisedeklaratsiooni ressursi ligipääsude muutmine. Ühe operatsiooniga saab muuta ligipääsu kas arstile (doctor) ja/või esindajale (representative). Lubatud väärtused on 'closed' või 'open'."/><isExample value="false"/><groupingId value="-dyn-operationdefinition"/></resource><resource><extension url="http://hl7.org/fhir/tools/StructureDefinition/resource-sort"><valueInteger value="999999999"/></extension><extension url="http://hl7.org/fhir/StructureDefinition/implementationguide-page"><valueUri value="OperationDefinition-ee-health-declaration-get-consent.html"/></extension><reference><reference value="OperationDefinition/ee-health-declaration-get-consent"/></reference><name value="Tervisedeklaratsiooni ressursi ligipääsude päring"/><description value="Tervisedeklaratsiooni ressursi ligipääsude päring"/><isExample value="false"/><groupingId value="-dyn-operationdefinition"/></resource><resource><extension url="http://hl7.org/fhir/tools/StructureDefinition/resource-sort"><valueInteger value="999999999"/></extension><extension url="http://hl7.org/fhir/StructureDefinition/implementationguide-page"><valueUri value="OperationDefinition-ee-health-declaration-cancel.html"/></extension><reference><reference value="OperationDefinition/ee-health-declaration-cancel"/></reference><name value="Tervisedeklaratsiooni tühistamine"/><description value="'In progress' või 'completed' staatuses tervisedeklaratsiooni tühistamise sõnum."/><isExample value="false"/><groupingId value="-dyn-operationdefinition"/></resource><resource><extension url="http://hl7.org/fhir/tools/StructureDefinition/resource-sort"><valueInteger value="999999999"/></extension><extension url="http://hl7.org/fhir/StructureDefinition/implementationguide-page"><valueUri value="SearchParameter-ee-health-declaration-category.html"/></extension><reference><reference value="SearchParameter/ee-health-declaration-category"/></reference><name value="Health declaration category"/><description value="Search by category in the Health Declaration"/><isExample value="false"/><groupingId value="-dyn-searchparameter"/></resource><resource><extension url="http://hl7.org/fhir/tools/StructureDefinition/resource-sort"><valueInteger value="999999999"/></extension><extension url="http://hl7.org/fhir/StructureDefinition/implementationguide-page"><valueUri value="SearchParameter-ee-health-declaration-category-effective-date.html"/></extension><reference><reference value="SearchParameter/ee-health-declaration-category-effective-date"/></reference><name value="Health declaration category effective date"/><description value="Search by category effective date in the Health Declaration"/><isExample value="false"/><groupingId value="-dyn-searchparameter"/></resource><resource><extension url="http://hl7.org/fhir/tools/StructureDefinition/resource-sort"><valueInteger value="999999999"/></extension><extension url="http://hl7.org/fhir/StructureDefinition/implementationguide-page"><valueUri value="StructureDefinition-ee-health-declaration.html"/></extension><reference><reference value="StructureDefinition/ee-health-declaration"/></reference><name value="EEHealthDeclaration"/><description value="Tervisedeklaratsiooni küsimustiku vastuse profiil"/><isExample value="false"/><groupingId value="-str-profile"/></resource><resource><extension url="http://hl7.org/fhir/tools/StructureDefinition/resource-sort"><valueInteger value="999999999"/></extension><extension url="http://hl7.org/fhir/StructureDefinition/implementationguide-page"><valueUri value="StructureDefinition-ee-health-declaration-minimal.html"/></extension><reference><reference value="StructureDefinition/ee-health-declaration-minimal"/></reference><name value="EEHealthDeclarationMinimal"/><description value="Tervisedeklaratsiooni metaandmestiku profiil ilma küsimustiku vastusteta. Eesmärk kuvada deklaratsiooni metaandmed TTO registraatoritele. HDECL teenus tagastab antud profiiliga ressursse kuid ei võta vastu."/><isExample value="false"/><groupingId value="-str-profile"/></resource><resource><extension url="http://hl7.org/fhir/tools/StructureDefinition/resource-sort"><valueInteger value="999999999"/></extension><extension url="http://hl7.org/fhir/StructureDefinition/implementationguide-page"><valueUri value="StructureDefinition-ee-health-declaration-category.html"/></extension><reference><reference value="StructureDefinition/ee-health-declaration-category"/></reference><name value="Tervise deklaratsiooni kasutusala"/><description value="Tervise deklaratsiooni kasutusala ja selle kehtivuse periood"/><isExample value="false"/><groupingId value="-str-extension"/></resource><resource><extension url="http://hl7.org/fhir/tools/StructureDefinition/resource-sort"><valueInteger value="999999999"/></extension><extension url="http://hl7.org/fhir/StructureDefinition/implementationguide-page"><valueUri value="Patient-katipiiriylene.html"/></extension><reference><reference value="Patient/katipiiriylene"/></reference><name value="Questionnaire-patient"/><description value="Patsient erinevate identifikaatoritega"/><isExample value="true"/><groupingId value="-ex-example"/></resource><resource><extension url="http://hl7.org/fhir/tools/StructureDefinition/resource-sort"><valueInteger value="999999999"/></extension><extension url="http://hl7.org/fhir/StructureDefinition/implementationguide-page"><valueUri value="QuestionnaireResponse-ee-health-declaration-example.html"/></extension><reference><reference value="QuestionnaireResponse/ee-health-declaration-example"/></reference><name value="ee-health-declaration-example"/><description value="Näidis maksimaalse andmekoosseisuga tervisedeklaratsioonist (töötervishoid)."/><isExample value="true"/><profile value="https://fhir.ee/hdecl/StructureDefinition/ee-health-declaration"/><groupingId value="-ex-example"/></resource><resource><extension url="http://hl7.org/fhir/tools/StructureDefinition/resource-sort"><valueInteger value="999999999"/></extension><extension url="http://hl7.org/fhir/StructureDefinition/implementationguide-page"><valueUri value="QuestionnaireResponse-ee-health-declaration-from-cda-example.html"/></extension><reference><reference value="QuestionnaireResponse/ee-health-declaration-from-cda-example"/></reference><name value="ee-health-declaration-from-cda-example"/><description value="Näidis CDA tervisedeklaratsioonist migreeritud andmetega"/><isExample value="true"/><profile value="https://fhir.ee/hdecl/StructureDefinition/ee-health-declaration"/><groupingId value="-ex-example"/></resource><resource><extension url="http://hl7.org/fhir/tools/StructureDefinition/resource-sort"><valueInteger value="999999999"/></extension><extension url="http://hl7.org/fhir/StructureDefinition/implementationguide-page"><valueUri value="QuestionnaireResponse-ee-health-declaration-minimal-example.html"/></extension><reference><reference value="QuestionnaireResponse/ee-health-declaration-minimal-example"/></reference><name value="ee-health-declaration-minimal-example"/><description value="Näidisdeklaratsioon minimaalsete andmetega (metaandmed). Eesmärk kuvada TTO registraatoritele deklaratsiooni metaandmed, ilma küsimustiku vastusteta"/><isExample value="true"/><profile value="https://fhir.ee/hdecl/StructureDefinition/ee-health-declaration-minimal"/><groupingId value="-ex-example"/></resource><page><sourceUrl value="toc.html"/><name value="toc.html"/><title value="Table of Contents"/><generation value="html"/><page><sourceUrl value="index.html"/><name value="index.html"/><title value="Sissejuhatus"/><generation value="markdown"/></page><page><sourceUrl value="download.html"/><name value="download.html"/><title value="Download"/><generation value="markdown"/></page><page><sourceUrl value="hdecl-api.html"/><name value="hdecl-api.html"/><title value="Healthdeclaration API"/><generation value="markdown"/></page><page><sourceUrl value="artifacts.html"/><name value="artifacts.html"/><title value="Artifacts Summary"/><generation value="html"/><page><sourceUrl value="OperationDefinition-ee-health-declaration-complete.html"/><name value="OperationDefinition-ee-health-declaration-complete.html"/><title value="Tervisedeklaratsiooni kinnitamine"/><generation value="generated"/></page><page><sourceUrl value="OperationDefinition-ee-health-declaration-set-consent.html"/><name value="OperationDefinition-ee-health-declaration-set-consent.html"/><title value="Tervisedeklaratsiooni ressursi ligipääsude muutmine"/><generation value="generated"/></page><page><sourceUrl value="OperationDefinition-ee-health-declaration-get-consent.html"/><name value="OperationDefinition-ee-health-declaration-get-consent.html"/><title value="Tervisedeklaratsiooni ressursi ligipääsude päring"/><generation value="generated"/></page><page><sourceUrl value="OperationDefinition-ee-health-declaration-cancel.html"/><name value="OperationDefinition-ee-health-declaration-cancel.html"/><title value="Tervisedeklaratsiooni tühistamine"/><generation value="generated"/></page><page><sourceUrl value="SearchParameter-ee-health-declaration-category.html"/><name value="SearchParameter-ee-health-declaration-category.html"/><title value="Health declaration category"/><generation value="generated"/></page><page><sourceUrl value="SearchParameter-ee-health-declaration-category-effective-date.html"/><name value="SearchParameter-ee-health-declaration-category-effective-date.html"/><title value="Health declaration category effective date"/><generation value="generated"/></page><page><sourceUrl value="StructureDefinition-ee-health-declaration.html"/><name value="StructureDefinition-ee-health-declaration.html"/><title value="EEHealthDeclaration"/><generation value="generated"/></page><page><sourceUrl value="StructureDefinition-ee-health-declaration-minimal.html"/><name value="StructureDefinition-ee-health-declaration-minimal.html"/><title value="EEHealthDeclarationMinimal"/><generation value="generated"/></page><page><sourceUrl value="StructureDefinition-ee-health-declaration-category.html"/><name value="StructureDefinition-ee-health-declaration-category.html"/><title value="Tervise deklaratsiooni kasutusala"/><generation value="generated"/></page><page><sourceUrl value="QuestionnaireResponse-ee-health-declaration-example.html"/><name value="QuestionnaireResponse-ee-health-declaration-example.html"/><title value="ee-health-declaration-example"/><generation value="generated"/></page><page><sourceUrl value="QuestionnaireResponse-ee-health-declaration-from-cda-example.html"/><name value="QuestionnaireResponse-ee-health-declaration-from-cda-example.html"/><title value="ee-health-declaration-from-cda-example"/><generation value="generated"/></page><page><sourceUrl value="QuestionnaireResponse-ee-health-declaration-minimal-example.html"/><name value="QuestionnaireResponse-ee-health-declaration-minimal-example.html"/><title value="ee-health-declaration-minimal-example"/><generation value="generated"/></page><page><sourceUrl value="Patient-katipiiriylene.html"/><name value="Patient-katipiiriylene.html"/><title value="Questionnaire-patient"/><generation value="generated"/></page></page></page><parameter><code><system value="http://hl7.org/fhir/tools/CodeSystem/ig-parameters"/><code value="copyrightyear"/></code><value value="2025+"/></parameter><parameter><code><system value="http://hl7.org/fhir/tools/CodeSystem/ig-parameters"/><code value="releaselabel"/></code><value value="ci-build"/></parameter><parameter><code><system value="http://hl7.org/fhir/tools/CodeSystem/ig-parameters"/><code value="autoload-resources"/></code><value value="true"/></parameter><parameter><code><system value="http://hl7.org/fhir/guide-parameter-code"/><code value="path-resource"/></code><value value="input/capabilities"/></parameter><parameter><code><system value="http://hl7.org/fhir/guide-parameter-code"/><code value="path-resource"/></code><value value="input/examples"/></parameter><parameter><code><system value="http://hl7.org/fhir/guide-parameter-code"/><code value="path-resource"/></code><value value="input/extensions"/></parameter><parameter><code><system value="http://hl7.org/fhir/guide-parameter-code"/><code value="path-resource"/></code><value value="input/models"/></parameter><parameter><code><system value="http://hl7.org/fhir/guide-parameter-code"/><code value="path-resource"/></code><value value="input/operations"/></parameter><parameter><code><system value="http://hl7.org/fhir/guide-parameter-code"/><code value="path-resource"/></code><value value="input/profiles"/></parameter><parameter><code><system value="http://hl7.org/fhir/guide-parameter-code"/><code value="path-resource"/></code><value value="input/resources"/></parameter><parameter><code><system value="http://hl7.org/fhir/guide-parameter-code"/><code value="path-resource"/></code><value value="input/vocabulary"/></parameter><parameter><code><system value="http://hl7.org/fhir/guide-parameter-code"/><code value="path-resource"/></code><value value="input/maps"/></parameter><parameter><code><system value="http://hl7.org/fhir/guide-parameter-code"/><code value="path-resource"/></code><value value="input/testing"/></parameter><parameter><code><system value="http://hl7.org/fhir/guide-parameter-code"/><code value="path-resource"/></code><value value="input/history"/></parameter><parameter><code><system value="http://hl7.org/fhir/guide-parameter-code"/><code value="path-resource"/></code><value value="fsh-generated/resources"/></parameter><parameter><code><system value="http://hl7.org/fhir/guide-parameter-code"/><code value="path-pages"/></code><value value="template/config"/></parameter><parameter><code><system value="http://hl7.org/fhir/guide-parameter-code"/><code value="path-pages"/></code><value value="input/images"/></parameter><parameter><code><system value="http://hl7.org/fhir/tools/CodeSystem/ig-parameters"/><code value="path-liquid"/></code><value value="template/liquid"/></parameter><parameter><code><system value="http://hl7.org/fhir/tools/CodeSystem/ig-parameters"/><code value="path-liquid"/></code><value value="input/liquid"/></parameter><parameter><code><system value="http://hl7.org/fhir/tools/CodeSystem/ig-parameters"/><code value="path-qa"/></code><value value="temp/qa"/></parameter><parameter><code><system value="http://hl7.org/fhir/tools/CodeSystem/ig-parameters"/><code value="path-temp"/></code><value value="temp/pages"/></parameter><parameter><code><system value="http://hl7.org/fhir/tools/CodeSystem/ig-parameters"/><code value="path-output"/></code><value value="output"/></parameter><parameter><code><system value="http://hl7.org/fhir/guide-parameter-code"/><code value="path-tx-cache"/></code><value value="input-cache/txcache"/></parameter><parameter><code><system value="http://hl7.org/fhir/tools/CodeSystem/ig-parameters"/><code value="path-suppressed-warnings"/></code><value value="input/ignoreWarnings.txt"/></parameter><parameter><code><system value="http://hl7.org/fhir/tools/CodeSystem/ig-parameters"/><code value="path-history"/></code><value value="https://fhir.ee/hdecl/history.html"/></parameter><parameter><code><system value="http://hl7.org/fhir/tools/CodeSystem/ig-parameters"/><code value="template-html"/></code><value value="template-page.html"/></parameter><parameter><code><system value="http://hl7.org/fhir/tools/CodeSystem/ig-parameters"/><code value="template-md"/></code><value value="template-page-md.html"/></parameter><parameter><code><system value="http://hl7.org/fhir/tools/CodeSystem/ig-parameters"/><code value="apply-contact"/></code><value value="true"/></parameter><parameter><code><system value="http://hl7.org/fhir/tools/CodeSystem/ig-parameters"/><code value="apply-context"/></code><value value="true"/></parameter><parameter><code><system value="http://hl7.org/fhir/tools/CodeSystem/ig-parameters"/><code value="apply-copyright"/></code><value value="true"/></parameter><parameter><code><system value="http://hl7.org/fhir/tools/CodeSystem/ig-parameters"/><code value="apply-jurisdiction"/></code><value value="true"/></parameter><parameter><code><system value="http://hl7.org/fhir/tools/CodeSystem/ig-parameters"/><code value="apply-license"/></code><value value="true"/></parameter><parameter><code><system value="http://hl7.org/fhir/tools/CodeSystem/ig-parameters"/><code value="apply-publisher"/></code><value value="true"/></parameter><parameter><code><system value="http://hl7.org/fhir/tools/CodeSystem/ig-parameters"/><code value="apply-version"/></code><value value="true"/></parameter><parameter><code><system value="http://hl7.org/fhir/tools/CodeSystem/ig-parameters"/><code value="apply-wg"/></code><value value="true"/></parameter><parameter><code><system value="http://hl7.org/fhir/tools/CodeSystem/ig-parameters"/><code value="active-tables"/></code><value value="true"/></parameter><parameter><code><system value="http://hl7.org/fhir/tools/CodeSystem/ig-parameters"/><code value="fmm-definition"/></code><value value="http://hl7.org/fhir/versions.html#maturity"/></parameter><parameter><code><system value="http://hl7.org/fhir/tools/CodeSystem/ig-parameters"/><code value="propagate-status"/></code><value value="true"/></parameter><parameter><code><system value="http://hl7.org/fhir/tools/CodeSystem/ig-parameters"/><code value="excludelogbinaryformat"/></code><value value="true"/></parameter><parameter><code><system value="http://hl7.org/fhir/tools/CodeSystem/ig-parameters"/><code value="tabbed-snapshots"/></code><value value="true"/></parameter></definition></ImplementationGuide>