<?xml version="1.0" encoding="UTF-8"?><SearchParameter xmlns="http://hl7.org/fhir"><id value="ee-health-declaration-category-effective-date"/><text><status value="generated"/><div xmlns="http://www.w3.org/1999/xhtml"><p class="res-header-id"><b>Generated Narrative: SearchParameter ee-health-declaration-category-effective-date</b></p><a name="ee-health-declaration-category-effective-date"> </a><a name="hcee-health-declaration-category-effective-date"> </a><a name="ee-health-declaration-category-effective-date-en-US"> </a><h2>EEHealthDeclarationCategoryEffectiveDate</h2><p>Parameter <code>category-effective-date</code>:<code>date</code></p><div><p>Search by category effective date in the Health Declaration</p>
</div><table class="grid"><tr><td>Resource</td><td><a href="http://hl7.org/fhir/R5/questionnaireresponse.html">QuestionnaireResponse</a></td></tr><tr><td>Expression</td><td><code>QuestionnaireResponse.extension('https://fhir.ee/hdecl/StructureDefinition/ee-health-declaration-category').extension('effectivePeriod').value.as(Period)</code></td></tr><tr><td>Processing Mode</td><td>Normal</td></tr><tr><td>Multiples</td><td><ul><li>multipleAnd: It's up to the server whether the parameter may repeat in order to specify multiple values that must all be true</li><li>multipleOr: It's up to the server whether the parameter can have multiple values (separated by comma) where at least one must be true</li></ul></td></tr></table></div></text><url value="https://fhir.ee/hdecl/SearchParameter/ee-health-declaration-category-effective-date"/><version value="1.0.0"/><name value="EEHealthDeclarationCategoryEffectiveDate"/><title value="Health declaration category effective date"/><status value="active"/><experimental value="false"/><date value="2025-03-31T13:55:56+00:00"/><publisher value="TEHIK"/><contact><name value="TEHIK"/><telecom><system value="url"/><value value="https://tehik.ee"/></telecom><telecom><system value="email"/><value value="abi@tehik.ee"/></telecom></contact><description value="Search by category effective date in the Health Declaration"/><code value="category-effective-date"/><base value="QuestionnaireResponse"/><type value="date"/><expression value="QuestionnaireResponse.extension('https://fhir.ee/hdecl/StructureDefinition/ee-health-declaration-category').extension('effectivePeriod').value.as(Period)"/><processingMode value="normal"/></SearchParameter>