<?xml version="1.0" encoding="UTF-8"?><OperationDefinition xmlns="http://hl7.org/fhir"><id value="ee-health-declaration-get-consent"/><text><status value="generated"/><div xmlns="http://www.w3.org/1999/xhtml"><p class="res-header-id"><b>Generated Narrative: OperationDefinition ee-health-declaration-get-consent</b></p><a name="ee-health-declaration-get-consent"> </a><a name="hcee-health-declaration-get-consent"> </a><p>URL: [base]/QuestionnaireResponse/[id]/$get-consent</p><h3>Parameters</h3><table class="grid"><tr><td><b>Use</b></td><td><b>Name</b></td><td><b>Scope</b></td><td><b>Cardinality</b></td><td><b>Type</b></td><td><b>Binding</b></td><td><b>Documentation</b></td></tr><tr><td>OUT</td><td>representative</td><td/><td>0..1</td><td><a href="http://hl7.org/fhir/R5/datatypes.html#string">string</a></td><td/><td><div><p>Konfidentsiaalsus eestkostjale</p>
</div></td></tr><tr><td>OUT</td><td>doctor</td><td/><td>0..1</td><td><a href="http://hl7.org/fhir/R5/datatypes.html#string">string</a></td><td/><td><div><p>Konfidentsiaalsus arstile</p>
</div></td></tr></table></div></text><url value="https://fhir.ee/hdecl/OperationDefinition/ee-health-declaration-get-consent"/><version value="1.0.0"/><name value="EEHealthDeclarationGetConsent"/><title value="Tervisedeklaratsiooni ressursi ligipääsude päring"/><status value="active"/><kind value="operation"/><experimental value="false"/><date value="2025-06-16T14:03:47+00:00"/><publisher value="TEHIK"/><contact><name value="TEHIK"/><telecom><system value="url"/><value value="https://tehik.ee"/></telecom><telecom><system value="email"/><value value="abi@tehik.ee"/></telecom></contact><description value="Tervisedeklaratsiooni ressursi ligipääsude päring"/><affectsState value="false"/><code value="get-consent"/><resource value="QuestionnaireResponse"/><system value="false"/><type value="false"/><instance value="true"/><parameter><name value="representative"/><use value="out"/><min value="0"/><max value="1"/><documentation value="Konfidentsiaalsus eestkostjale"/><type value="string"/></parameter><parameter><name value="doctor"/><use value="out"/><min value="0"/><max value="1"/><documentation value="Konfidentsiaalsus arstile"/><type value="string"/></parameter></OperationDefinition>