{"resourceType":"OperationDefinition","id":"ee-health-declaration-complete","text":{"status":"generated","div":"<div xmlns=\"http://www.w3.org/1999/xhtml\"><p class=\"res-header-id\"><b>Generated Narrative: OperationDefinition ee-health-declaration-complete</b></p><a name=\"ee-health-declaration-complete\"> </a><a name=\"hcee-health-declaration-complete\"> </a><p>URL: [base]/QuestionnaireResponse/[id]/$complete</p><h3>Parameters</h3><table class=\"grid\"><tr><td><b>Use</b></td><td><b>Name</b></td><td><b>Scope</b></td><td><b>Cardinality</b></td><td><b>Type</b></td><td><b>Binding</b></td><td><b>Documentation</b></td></tr><tr><td>OUT</td><td>medical-data-updates</td><td/><td>0..1</td><td><a href=\"http://hl7.org/fhir/R5/operationoutcome.html\">OperationOutcome</a></td><td/><td><div><p>Teavitus eeltäidetud terviseandmete kohta</p>\n</div></td></tr></table></div>"},"url":"https://fhir.ee/hdecl/OperationDefinition/ee-health-declaration-complete","version":"1.0.0","name":"EEHealthDeclarationComplete","title":"Tervisedeklaratsiooni kinnitamine","status":"active","kind":"operation","experimental":false,"date":"2025-06-16T14:03:47+00:00","publisher":"TEHIK","contact":[{"name":"TEHIK","telecom":[{"system":"url","value":"https://tehik.ee"},{"system":"email","value":"abi@tehik.ee"}]}],"description":"'In progress' tervisedeklaratsiooni kinnitamine ('completed' seisundisse).","affectsState":true,"code":"complete","resource":["QuestionnaireResponse"],"system":false,"type":false,"instance":true,"parameter":[{"name":"medical-data-updates","use":"out","min":0,"max":"1","documentation":"Teavitus eeltäidetud terviseandmete kohta","type":"OperationOutcome"}]}