{"resourceType":"ImplementationGuide","id":"ee.fhir.hdecl","text":{"status":"generated","div":"<div xmlns=\"http://www.w3.org/1999/xhtml\"><p class=\"res-header-id\"><b>Generated Narrative: ImplementationGuide ee.fhir.hdecl</b></p><a name=\"ee.fhir.hdecl\"> </a><a name=\"hcee.fhir.hdecl\"> </a><h2>HDECL</h2><p>The official URL for this implementation guide is: </p><pre>https://fhir.ee/hdecl/ImplementationGuide/ee.fhir.hdecl</pre></div>"},"url":"https://fhir.ee/hdecl/ImplementationGuide/ee.fhir.hdecl","version":"1.0.0","name":"HDECL","title":"Tervisedeklaratsiooni juurutusjuhend","status":"active","date":"2025-06-16T14:01:55+00:00","publisher":"TEHIK","contact":[{"name":"TEHIK","telecom":[{"system":"url","value":"https://tehik.ee"},{"system":"email","value":"abi@tehik.ee"}]}],"packageId":"ee.fhir.hdecl","license":"CC0-1.0","fhirVersion":["5.0.0"],"dependsOn":[{"id":"hl7tx","extension":[{"url":"http://hl7.org/fhir/tools/StructureDefinition/implementationguide-dependency-comment","valueMarkdown":"Automatically added as a dependency - all IGs depend on HL7 Terminology"}],"uri":"http://terminology.hl7.org/ImplementationGuide/hl7.terminology","packageId":"hl7.terminology.r5","version":"6.4.0"},{"id":"hl7ext","extension":[{"url":"http://hl7.org/fhir/tools/StructureDefinition/implementationguide-dependency-comment","valueMarkdown":"Automatically added as a dependency - all IGs depend on the HL7 Extension Pack"}],"uri":"http://hl7.org/fhir/extensions/ImplementationGuide/hl7.fhir.uv.extensions","packageId":"hl7.fhir.uv.extensions.r5","version":"5.2.0"},{"id":"ee_fhir_mpi","uri":"https://fhir.ee/mpi/ImplementationGuide/ee.fhir.mpi","packageId":"ee.fhir.mpi","version":"1.1.1"}],"definition":{"extension":[{"url":"http://hl7.org/fhir/tools/StructureDefinition/ig-internal-dependency","valueCode":"hl7.fhir.uv.tools.r5#0.5.0"}],"grouping":[{"id":"-dyn-operationdefinition","name":"Behavior: Operation Definitions","description":"These are custom operations that can be supported by and/or invoked by systems conforming to this implementation guide."},{"id":"-dyn-searchparameter","name":"Behavior: Search Parameters","description":"These define the properties by which a RESTful server can be searched.  They can also be used for sorting and including related resources."},{"id":"-str-profile","name":"Structures: Resource Profiles","description":"These define constraints on FHIR resources for systems conforming to this implementation guide."},{"id":"-str-extension","name":"Structures: Extension Definitions","description":"These define constraints on FHIR data types for systems conforming to this implementation guide."},{"id":"-ex-example","name":"Example: Example Instances","description":"These are example instances that show what data produced and consumed by systems conforming with this implementation guide might look like."}],"resource":[{"extension":[{"url":"http://hl7.org/fhir/tools/StructureDefinition/resource-sort","valueInteger":999999999},{"url":"http://hl7.org/fhir/StructureDefinition/implementationguide-page","valueUri":"OperationDefinition-ee-health-declaration-complete.html"}],"reference":{"reference":"OperationDefinition/ee-health-declaration-complete"},"name":"Tervisedeklaratsiooni kinnitamine","description":"'In progress' tervisedeklaratsiooni kinnitamine ('completed' seisundisse).","isExample":false,"groupingId":"-dyn-operationdefinition"},{"extension":[{"url":"http://hl7.org/fhir/tools/StructureDefinition/resource-sort","valueInteger":999999999},{"url":"http://hl7.org/fhir/StructureDefinition/implementationguide-page","valueUri":"OperationDefinition-ee-health-declaration-set-consent.html"}],"reference":{"reference":"OperationDefinition/ee-health-declaration-set-consent"},"name":"Tervisedeklaratsiooni ressursi ligipääsude muutmine","description":"Tervisedeklaratsiooni ressursi ligipääsude muutmine. Ühe operatsiooniga saab muuta ligipääsu kas arstile (doctor) ja/või esindajale (representative). Lubatud väärtused on 'closed' või 'open'.","isExample":false,"groupingId":"-dyn-operationdefinition"},{"extension":[{"url":"http://hl7.org/fhir/tools/StructureDefinition/resource-sort","valueInteger":999999999},{"url":"http://hl7.org/fhir/StructureDefinition/implementationguide-page","valueUri":"OperationDefinition-ee-health-declaration-get-consent.html"}],"reference":{"reference":"OperationDefinition/ee-health-declaration-get-consent"},"name":"Tervisedeklaratsiooni ressursi ligipääsude päring","description":"Tervisedeklaratsiooni ressursi ligipääsude päring","isExample":false,"groupingId":"-dyn-operationdefinition"},{"extension":[{"url":"http://hl7.org/fhir/tools/StructureDefinition/resource-sort","valueInteger":999999999},{"url":"http://hl7.org/fhir/StructureDefinition/implementationguide-page","valueUri":"OperationDefinition-ee-health-declaration-cancel.html"}],"reference":{"reference":"OperationDefinition/ee-health-declaration-cancel"},"name":"Tervisedeklaratsiooni tühistamine","description":"'In progress' või 'completed' staatuses tervisedeklaratsiooni tühistamise sõnum.","isExample":false,"groupingId":"-dyn-operationdefinition"},{"extension":[{"url":"http://hl7.org/fhir/tools/StructureDefinition/resource-sort","valueInteger":999999999},{"url":"http://hl7.org/fhir/StructureDefinition/implementationguide-page","valueUri":"SearchParameter-ee-health-declaration-category.html"}],"reference":{"reference":"SearchParameter/ee-health-declaration-category"},"name":"Health declaration category","description":"Search by category in the Health Declaration","isExample":false,"groupingId":"-dyn-searchparameter"},{"extension":[{"url":"http://hl7.org/fhir/tools/StructureDefinition/resource-sort","valueInteger":999999999},{"url":"http://hl7.org/fhir/StructureDefinition/implementationguide-page","valueUri":"SearchParameter-ee-health-declaration-category-effective-date.html"}],"reference":{"reference":"SearchParameter/ee-health-declaration-category-effective-date"},"name":"Health declaration category effective date","description":"Search by category effective date in the Health Declaration","isExample":false,"groupingId":"-dyn-searchparameter"},{"extension":[{"url":"http://hl7.org/fhir/tools/StructureDefinition/resource-sort","valueInteger":999999999},{"url":"http://hl7.org/fhir/StructureDefinition/implementationguide-page","valueUri":"StructureDefinition-ee-health-declaration.html"}],"reference":{"reference":"StructureDefinition/ee-health-declaration"},"name":"EEHealthDeclaration","description":"Tervisedeklaratsiooni küsimustiku vastuse profiil","isExample":false,"groupingId":"-str-profile"},{"extension":[{"url":"http://hl7.org/fhir/tools/StructureDefinition/resource-sort","valueInteger":999999999},{"url":"http://hl7.org/fhir/StructureDefinition/implementationguide-page","valueUri":"StructureDefinition-ee-health-declaration-minimal.html"}],"reference":{"reference":"StructureDefinition/ee-health-declaration-minimal"},"name":"EEHealthDeclarationMinimal","description":"Tervisedeklaratsiooni metaandmestiku profiil ilma küsimustiku vastusteta. Eesmärk kuvada deklaratsiooni metaandmed TTO registraatoritele. HDECL teenus tagastab antud profiiliga ressursse kuid ei võta vastu.","isExample":false,"groupingId":"-str-profile"},{"extension":[{"url":"http://hl7.org/fhir/tools/StructureDefinition/resource-sort","valueInteger":999999999},{"url":"http://hl7.org/fhir/StructureDefinition/implementationguide-page","valueUri":"StructureDefinition-ee-health-declaration-category.html"}],"reference":{"reference":"StructureDefinition/ee-health-declaration-category"},"name":"Tervise deklaratsiooni kasutusala","description":"Tervise deklaratsiooni kasutusala ja selle kehtivuse periood","isExample":false,"groupingId":"-str-extension"},{"extension":[{"url":"http://hl7.org/fhir/tools/StructureDefinition/resource-sort","valueInteger":999999999},{"url":"http://hl7.org/fhir/StructureDefinition/implementationguide-page","valueUri":"Patient-katipiiriylene.html"}],"reference":{"reference":"Patient/katipiiriylene"},"name":"Questionnaire-patient","description":"Patsient erinevate identifikaatoritega","isExample":true,"groupingId":"-ex-example"},{"extension":[{"url":"http://hl7.org/fhir/tools/StructureDefinition/resource-sort","valueInteger":999999999},{"url":"http://hl7.org/fhir/StructureDefinition/implementationguide-page","valueUri":"QuestionnaireResponse-ee-health-declaration-example.html"}],"reference":{"reference":"QuestionnaireResponse/ee-health-declaration-example"},"name":"ee-health-declaration-example","description":"Näidis maksimaalse andmekoosseisuga tervisedeklaratsioonist (töötervishoid).","isExample":true,"profile":["https://fhir.ee/hdecl/StructureDefinition/ee-health-declaration"],"groupingId":"-ex-example"},{"extension":[{"url":"http://hl7.org/fhir/tools/StructureDefinition/resource-sort","valueInteger":999999999},{"url":"http://hl7.org/fhir/StructureDefinition/implementationguide-page","valueUri":"QuestionnaireResponse-ee-health-declaration-from-cda-example.html"}],"reference":{"reference":"QuestionnaireResponse/ee-health-declaration-from-cda-example"},"name":"ee-health-declaration-from-cda-example","description":"Näidis CDA tervisedeklaratsioonist migreeritud andmetega","isExample":true,"profile":["https://fhir.ee/hdecl/StructureDefinition/ee-health-declaration"],"groupingId":"-ex-example"},{"extension":[{"url":"http://hl7.org/fhir/tools/StructureDefinition/resource-sort","valueInteger":999999999},{"url":"http://hl7.org/fhir/StructureDefinition/implementationguide-page","valueUri":"QuestionnaireResponse-ee-health-declaration-minimal-example.html"}],"reference":{"reference":"QuestionnaireResponse/ee-health-declaration-minimal-example"},"name":"ee-health-declaration-minimal-example","description":"Näidisdeklaratsioon minimaalsete andmetega (metaandmed). Eesmärk kuvada TTO registraatoritele deklaratsiooni metaandmed, ilma küsimustiku vastusteta","isExample":true,"profile":["https://fhir.ee/hdecl/StructureDefinition/ee-health-declaration-minimal"],"groupingId":"-ex-example"}],"page":{"sourceUrl":"toc.html","name":"toc.html","title":"Table of Contents","generation":"html","page":[{"sourceUrl":"index.html","name":"index.html","title":"Sissejuhatus","generation":"markdown"},{"sourceUrl":"download.html","name":"download.html","title":"Download","generation":"markdown"},{"sourceUrl":"hdecl-api.html","name":"hdecl-api.html","title":"Healthdeclaration API","generation":"markdown"},{"sourceUrl":"artifacts.html","name":"artifacts.html","title":"Artifacts Summary","generation":"html","page":[{"sourceUrl":"OperationDefinition-ee-health-declaration-complete.html","name":"OperationDefinition-ee-health-declaration-complete.html","title":"Tervisedeklaratsiooni kinnitamine","generation":"generated"},{"sourceUrl":"OperationDefinition-ee-health-declaration-set-consent.html","name":"OperationDefinition-ee-health-declaration-set-consent.html","title":"Tervisedeklaratsiooni ressursi ligipääsude muutmine","generation":"generated"},{"sourceUrl":"OperationDefinition-ee-health-declaration-get-consent.html","name":"OperationDefinition-ee-health-declaration-get-consent.html","title":"Tervisedeklaratsiooni ressursi ligipääsude päring","generation":"generated"},{"sourceUrl":"OperationDefinition-ee-health-declaration-cancel.html","name":"OperationDefinition-ee-health-declaration-cancel.html","title":"Tervisedeklaratsiooni tühistamine","generation":"generated"},{"sourceUrl":"SearchParameter-ee-health-declaration-category.html","name":"SearchParameter-ee-health-declaration-category.html","title":"Health declaration category","generation":"generated"},{"sourceUrl":"SearchParameter-ee-health-declaration-category-effective-date.html","name":"SearchParameter-ee-health-declaration-category-effective-date.html","title":"Health declaration category effective date","generation":"generated"},{"sourceUrl":"StructureDefinition-ee-health-declaration.html","name":"StructureDefinition-ee-health-declaration.html","title":"EEHealthDeclaration","generation":"generated"},{"sourceUrl":"StructureDefinition-ee-health-declaration-minimal.html","name":"StructureDefinition-ee-health-declaration-minimal.html","title":"EEHealthDeclarationMinimal","generation":"generated"},{"sourceUrl":"StructureDefinition-ee-health-declaration-category.html","name":"StructureDefinition-ee-health-declaration-category.html","title":"Tervise deklaratsiooni kasutusala","generation":"generated"},{"sourceUrl":"QuestionnaireResponse-ee-health-declaration-example.html","name":"QuestionnaireResponse-ee-health-declaration-example.html","title":"ee-health-declaration-example","generation":"generated"},{"sourceUrl":"QuestionnaireResponse-ee-health-declaration-from-cda-example.html","name":"QuestionnaireResponse-ee-health-declaration-from-cda-example.html","title":"ee-health-declaration-from-cda-example","generation":"generated"},{"sourceUrl":"QuestionnaireResponse-ee-health-declaration-minimal-example.html","name":"QuestionnaireResponse-ee-health-declaration-minimal-example.html","title":"ee-health-declaration-minimal-example","generation":"generated"},{"sourceUrl":"Patient-katipiiriylene.html","name":"Patient-katipiiriylene.html","title":"Questionnaire-patient","generation":"generated"}]}]},"parameter":[{"code":{"system":"http://hl7.org/fhir/tools/CodeSystem/ig-parameters","code":"copyrightyear"},"value":"2025+"},{"code":{"system":"http://hl7.org/fhir/tools/CodeSystem/ig-parameters","code":"releaselabel"},"value":"ci-build"},{"code":{"system":"http://hl7.org/fhir/tools/CodeSystem/ig-parameters","code":"autoload-resources"},"value":"true"},{"code":{"system":"http://hl7.org/fhir/guide-parameter-code","code":"path-resource"},"value":"input/capabilities"},{"code":{"system":"http://hl7.org/fhir/guide-parameter-code","code":"path-resource"},"value":"input/examples"},{"code":{"system":"http://hl7.org/fhir/guide-parameter-code","code":"path-resource"},"value":"input/extensions"},{"code":{"system":"http://hl7.org/fhir/guide-parameter-code","code":"path-resource"},"value":"input/models"},{"code":{"system":"http://hl7.org/fhir/guide-parameter-code","code":"path-resource"},"value":"input/operations"},{"code":{"system":"http://hl7.org/fhir/guide-parameter-code","code":"path-resource"},"value":"input/profiles"},{"code":{"system":"http://hl7.org/fhir/guide-parameter-code","code":"path-resource"},"value":"input/resources"},{"code":{"system":"http://hl7.org/fhir/guide-parameter-code","code":"path-resource"},"value":"input/vocabulary"},{"code":{"system":"http://hl7.org/fhir/guide-parameter-code","code":"path-resource"},"value":"input/maps"},{"code":{"system":"http://hl7.org/fhir/guide-parameter-code","code":"path-resource"},"value":"input/testing"},{"code":{"system":"http://hl7.org/fhir/guide-parameter-code","code":"path-resource"},"value":"input/history"},{"code":{"system":"http://hl7.org/fhir/guide-parameter-code","code":"path-resource"},"value":"fsh-generated/resources"},{"code":{"system":"http://hl7.org/fhir/guide-parameter-code","code":"path-pages"},"value":"template/config"},{"code":{"system":"http://hl7.org/fhir/guide-parameter-code","code":"path-pages"},"value":"input/images"},{"code":{"system":"http://hl7.org/fhir/tools/CodeSystem/ig-parameters","code":"path-liquid"},"value":"template/liquid"},{"code":{"system":"http://hl7.org/fhir/tools/CodeSystem/ig-parameters","code":"path-liquid"},"value":"input/liquid"},{"code":{"system":"http://hl7.org/fhir/tools/CodeSystem/ig-parameters","code":"path-qa"},"value":"temp/qa"},{"code":{"system":"http://hl7.org/fhir/tools/CodeSystem/ig-parameters","code":"path-temp"},"value":"temp/pages"},{"code":{"system":"http://hl7.org/fhir/tools/CodeSystem/ig-parameters","code":"path-output"},"value":"output"},{"code":{"system":"http://hl7.org/fhir/guide-parameter-code","code":"path-tx-cache"},"value":"input-cache/txcache"},{"code":{"system":"http://hl7.org/fhir/tools/CodeSystem/ig-parameters","code":"path-suppressed-warnings"},"value":"input/ignoreWarnings.txt"},{"code":{"system":"http://hl7.org/fhir/tools/CodeSystem/ig-parameters","code":"path-history"},"value":"https://fhir.ee/hdecl/history.html"},{"code":{"system":"http://hl7.org/fhir/tools/CodeSystem/ig-parameters","code":"template-html"},"value":"template-page.html"},{"code":{"system":"http://hl7.org/fhir/tools/CodeSystem/ig-parameters","code":"template-md"},"value":"template-page-md.html"},{"code":{"system":"http://hl7.org/fhir/tools/CodeSystem/ig-parameters","code":"apply-contact"},"value":"true"},{"code":{"system":"http://hl7.org/fhir/tools/CodeSystem/ig-parameters","code":"apply-context"},"value":"true"},{"code":{"system":"http://hl7.org/fhir/tools/CodeSystem/ig-parameters","code":"apply-copyright"},"value":"true"},{"code":{"system":"http://hl7.org/fhir/tools/CodeSystem/ig-parameters","code":"apply-jurisdiction"},"value":"true"},{"code":{"system":"http://hl7.org/fhir/tools/CodeSystem/ig-parameters","code":"apply-license"},"value":"true"},{"code":{"system":"http://hl7.org/fhir/tools/CodeSystem/ig-parameters","code":"apply-publisher"},"value":"true"},{"code":{"system":"http://hl7.org/fhir/tools/CodeSystem/ig-parameters","code":"apply-version"},"value":"true"},{"code":{"system":"http://hl7.org/fhir/tools/CodeSystem/ig-parameters","code":"apply-wg"},"value":"true"},{"code":{"system":"http://hl7.org/fhir/tools/CodeSystem/ig-parameters","code":"active-tables"},"value":"true"},{"code":{"system":"http://hl7.org/fhir/tools/CodeSystem/ig-parameters","code":"fmm-definition"},"value":"http://hl7.org/fhir/versions.html#maturity"},{"code":{"system":"http://hl7.org/fhir/tools/CodeSystem/ig-parameters","code":"propagate-status"},"value":"true"},{"code":{"system":"http://hl7.org/fhir/tools/CodeSystem/ig-parameters","code":"excludelogbinaryformat"},"value":"true"},{"code":{"system":"http://hl7.org/fhir/tools/CodeSystem/ig-parameters","code":"tabbed-snapshots"},"value":"true"}]}}